{
  "mean": [[0, 0, 0.8, 0, 0, 0, 0]],
  "meanDiff": [[0, 0, 0.8, 0, 0, 0, 0]],
  "n": [[5, 5, 5, 5, 5, 5, 5]],
  "theta": [
    [
      -0.03442310097129754,
      0.019719605917657243,
      -0.012058725737947067,
      0.03445866958252917,
      0.010238316219063206,
      0.0162776257552419,
      0.023781016100024886
    ],
    [
      -0.01201046846444154,
      -0.030709639245924094,
      0.02572055402904721,
      0.016346811323999143,
      -0.031129890266745085,
      -0.027045431493473653,
      0.017548293644258688
    ]
  ],
  "variance": [[0.01, 0.01, 0.16, 0.01, 0.01, 0.01, 0.01]]
}
